<?xml version="1.0" encoding="UTF-8"?>
<!--UGC_VERSION = 1024-->
<XML_DOCUMENT xmlns:SOAP-ENC="http://schemas.xmlsoap.org/soap/encoding/">
    <PTC_HEADER>
        <VENDOR>Parametric Technology Corporation</VENDOR>
        <PRODUCT>Creo Parametric 3802021424</PRODUCT>
        <XML_VERSION>1.0</XML_VERSION>
        <HOST_NAME>DESKTOP-PJIOU06</HOST_NAME>
        <USER>Vlad</USER>
        <MACHINE_TYPE> AMD64 Family 25 Model 80 Stepping 0  AuthenticAMD  3194 MHz</MACHINE_TYPE>
    </PTC_HEADER>
    <zip_manifest_info pointer="TRUE" proe_version="1974" top_model_wname="PL100000.ASM"/>
</XML_DOCUMENT>
